name,type,condition,content,publisher
You Are Invited,Pamphlet,Very Good,Informational,Jehovah's Witnesses
Business As Usual,Flyer,Poor,Informational,Evangelistic Ministry
We Want Lower Taxes!,Leaflet,Very Good,Economics,Liberty Gospel Tracts
The American Dream,Leaflet,Very Good,Economics,Liberty Gospel Tracts
The State of Michigan's Stimulus Package,Leaflet,Very Good,Economics,Liberty Gospel Tracts
Celebrate Freedom!,Leaflet,Very Good,Instructional,Liberty Gospel Tracts
What If You Had Been Here,Pamphlet,Good,History,Fellowship Tract League
The Coming Plagues,Pamphlet,Okay,Informational,Hope Tract Ministry
Pandemic Flu Virus HBLV-1825,Leaflet,Very Good,Informational,Liberty Gospel Tracts
What's After Death?,Flyer,Poor,Philosophy,Iglesia Uncion Apostolica
Hell Eternal Life or Eternal Destruction?,Leaflet,Good,Informational,Amazing Facts International
Stay Out Of Hell Free,Card,Poor,Informational,Unknown
Are Jehovah's Witnesses Really On The Path To Paradise?,Leaflet,Very Good,Informational,Liberty Gospel Tracts
Salvation Plain and Simple,Booklet,Good,Instructional,Sword of the Lord Publishers
how to be SAVED,Pamphlet,Good,Instructional,Moments With The Book
Just For YOU,Leaflet,Good,Story,Light of Truth Mennonite Church
You Matter To Jesus,Pamphlet,Terrible,Informational,The Brooklyn Tabernacle
Give Thanks!,Card,Very Good,Advice,Bezeugen
Smile!! God Loves You!!,Card,Very Good,Informational,Repent Or Perish
"Sex, Conscience, And The Gospel",Leaflet,Good,Educational,Apologia Church
Don't Try And Hide Face It!,Leaflet,Very Good,Self-Help,Liberty Gospel Tracts
Adopted,Tract,Very Good,Comic,Chick Tracts
爱情故事,Tract,Good,Chinese,Chick Tracts
영생,Leaflet,Good,Korean,Calvary Baptist Church
Eternal Life,Leaflet,Good,Comic,Calvary Baptist Church
YOLO You Only Live Once,Card,Very Good,Advice,Repent Or Perish
What Will Happen... To You?,Leaflet,Very Good,Philosophy,Liberty Gospel Tracts
Wake Up & Die Right With God,Leaflet,Very Good,Instructional,Liberty Gospel Tracts
Soul Survivor,Tract,Very Good,Comic,Chick Tracts
Tsunami!,Leaflet,Very Good,Story,Liberty Gospel Tracts
Living Water,Book,Good,Educational,Absolutely Free Incorporated
Trouble Turned To Triumph!,Leaflet,Very Good,Story,Liberty Gospel Tracts
True Victory,Pamphlet,Good,History,Fellowship Tract League
La Verdadera Victoria,Pamphlet,Very Good,Spanish,Fellowship Tract League
3:16 Los Números de la Esperanza,Leaflet,Good,Spanish,Good News Publishers
Cuatro Cosas Que Debe Aceptar Para Ir a la Gloria,Pamphlet,Good,Spanish,Sword of the Lord Publishers
Un Hogar Para Ti,Leaflet,Very Good,Spanish,Gospel Tract and Bible Society
¡Esta Fue To Vida! (Gratis ¡Llévese uno!),Tract,Good,Spanish,Chick Tracts
It's Free,Leaflet,Okay,Informational,"Bible Tracts, Inc."
Our Daily Bead,Booklet,Very Good,Informational,Our Daily Bread Ministries
Peace of Mind in a Troubled World,Leaflet,Very Good,Informational,Gospel Tract and Bible Society
Peace On Earth,Pamphlet,Good,History,American Bible Society
Israel? Palestine? Who Owns The Land?,Leaflet,Very Good,History,Liberty Gospel Tracts
Man's most-asked Question,Pamphlet,Okay,Comic,Unknown
Man's Most Asked Question,Pamphlet,Poor,Comic,Fellowship Tract League
What Does It Mean To Be A Born-Again Christian?,Booklet,Very Good,Educational,Liberty Gospel Tracts
Should Women Preach?,Leaflet,Very Good,Informational,Liberty Gospel Tracts
Are You A Good Person?,Leaflet,Okay,Comic,No Greater Joy Ministries
Bible Answers,Book,Good,Educational,Review and Herald Publishing Association
Thou Shalt Not Judge! Only God Can Judge Me!,Card,Very Good,Informational,Repent Or Perish